ID,Status Pernikahan,Gender,Pendapatan,Anak,Alamat,Usia,Pembeli Air Mineral
12496,Menikah,Perempuan,40000,1,Jawa Barat,42,Tidak
24107,Menikah,Laki-laki,30000,3,Jawa Barat,43,Tidak
14177,Menikah,Laki-laki,80000,5,Jawa Barat,60,Tidak
24381,Lajang,,70000,0,Bali,41,Ya
25597,Lajang,Laki-laki,30000,0,Jawa Barat,36,Ya
13507,Menikah,Perempuan,10000,2,Jawa Barat,50,Tidak
27974,Lajang,Laki-laki,160000,2,Bali,33,Ya
19364,Menikah,Laki-laki,40000,1,Jawa Barat,43,Ya
22155,,Laki-laki,20000,2,Bali,58,Tidak
19280,Menikah,Laki-laki,,2,Jawa Barat,,Ya
22173,Menikah,Perempuan,30000,3,Bali,54,Ya
12697,Lajang,Perempuan,90000,0,Bali,36,Tidak
11434,Menikah,Laki-laki,170000,5,Jawa Barat,55,Tidak
25323,Menikah,Laki-laki,40000,2,Jawa Barat,35,Ya
23542,Lajang,Laki-laki,60000,1,Bali,45,Ya
20870,Lajang,Perempuan,10000,2,Jawa Barat,38,Ya
23316,Lajang,Laki-laki,30000,3,Bali,59,Ya
12610,Menikah,Perempuan,30000,1,Jawa Barat,47,Tidak
27183,Lajang,Laki-laki,40000,2,Jawa Barat,35,Ya
25940,Lajang,Laki-laki,20000,2,Bali,55,Ya
25598,Menikah,Perempuan,40000,0,Jawa Barat,36,Ya
21564,Lajang,Perempuan,80000,0,Bali,35,Tidak
19193,Lajang,Laki-laki,40000,2,Jawa Barat,35,Ya
26412,Menikah,Perempuan,80000,5,Jawa Barat,56,Tidak
27184,Lajang,Laki-laki,40000,2,Jawa Barat,34,Tidak
12590,Lajang,Laki-laki,30000,1,Jawa Barat,63,Tidak
17841,Lajang,Laki-laki,30000,0,Jawa Barat,29,Ya
18283,,Perempuan,100000,0,Bali,40,Tidak
18299,Menikah,Laki-laki,70000,5,Bali,44,Tidak
16466,Lajang,Perempuan,20000,0,Jawa Barat,32,Ya
19273,Menikah,Perempuan,20000,2,Jawa Barat,63,Tidak
22400,Menikah,Laki-laki,10000,0,Bali,26,Ya
20942,Lajang,Perempuan,20000,0,Jawa Barat,31,Tidak
18484,Lajang,Laki-laki,80000,2,Bali,50,Ya
12291,Lajang,Laki-laki,90000,5,Jawa Barat,62,Ya
28380,Lajang,Perempuan,10000,5,Jawa Barat,41,Tidak
17891,Menikah,Perempuan,10000,2,Jawa Barat,50,Ya
27832,Lajang,Perempuan,30000,0,Jawa Barat,30,Tidak
26863,Lajang,Laki-laki,20000,0,Jawa Barat,28,Tidak
16259,Lajang,Perempuan,10000,4,Jawa Barat,40,Ya
27803,Lajang,Perempuan,30000,2,Jawa Barat,43,Tidak
14347,Lajang,Perempuan,40000,2,Bali,65,Ya
17703,Menikah,Perempuan,10000,1,Jawa Barat,40,Tidak
17185,Menikah,Perempuan,170000,4,Jawa Barat,48,Ya
29380,Menikah,Perempuan,20000,3,Jawa Barat,41,Ya
23986,Menikah,Perempuan,20000,1,Jawa Barat,66,Ya
24466,Menikah,Perempuan,60000,1,Bali,46,Ya
29097,Lajang,Perempuan,40000,2,Bali,52,Ya
19487,Menikah,Laki-laki,30000,2,Jawa Barat,42,Tidak
14939,,Laki-laki,40000,0,Jawa Barat,39,Ya
13826,Lajang,Perempuan,30000,0,Jawa Barat,28,Tidak
20619,Lajang,Laki-laki,80000,0,Bali,35,Tidak
12558,Menikah,Perempuan,20000,1,Jawa Barat,65,Tidak
24871,Lajang,Perempuan,90000,4,Jawa Barat,56,Tidak
17319,Lajang,Perempuan,70000,0,Bali,42,Tidak
28906,Menikah,Laki-laki,80000,4,Jawa Barat,54,Tidak
12808,Menikah,Laki-laki,40000,0,Jawa Barat,38,Ya
20567,Menikah,Laki-laki,130000,4,Jawa Barat,61,Ya
25502,Menikah,Perempuan,40000,1,Jawa Barat,43,Ya
15580,Menikah,Laki-laki,60000,2,Bali,38,Ya
24185,Lajang,Perempuan,10000,1,Jawa Barat,45,Tidak
19291,Lajang,Perempuan,10000,2,Jawa Barat,35,Tidak
16713,Menikah,Laki-laki,40000,2,Bali,52,Ya
16185,Lajang,Laki-laki,60000,4,Bali,41,Tidak
14927,Menikah,Perempuan,30000,1,Jawa Barat,37,Ya
29337,Lajang,Laki-laki,30000,2,Bali,68,Tidak
29355,Menikah,Perempuan,40000,0,Jawa Barat,37,Ya
25303,Lajang,Laki-laki,30000,0,Jawa Barat,33,Ya
14813,Lajang,Perempuan,20000,4,Jawa Barat,43,Ya
16438,Menikah,Perempuan,10000,0,Jawa Barat,30,Tidak
14238,Menikah,Laki-laki,120000,0,Bali,36,Ya
16200,Lajang,Perempuan,10000,0,Jawa Barat,35,Tidak
24857,Menikah,Perempuan,130000,3,Jawa Barat,52,Tidak
26956,Lajang,Perempuan,20000,0,Jawa Barat,36,Ya
14517,Menikah,Perempuan,20000,3,Bali,62,Tidak
12678,Lajang,Perempuan,130000,4,Bali,31,Tidak
16188,Lajang,Perempuan,20000,0,Jawa Barat,26,Tidak
27969,Menikah,Laki-laki,80000,0,Bali,29,Ya
15752,Menikah,Laki-laki,80000,2,Bali,50,Ya
27745,Lajang,Laki-laki,40000,2,Bali,63,Ya
20828,Menikah,Perempuan,30000,4,Jawa Barat,45,Ya
19461,Lajang,Perempuan,10000,4,Jawa Barat,40,Tidak
26941,Menikah,Laki-laki,30000,0,Jawa Barat,47,Ya
28412,Lajang,Laki-laki,20000,0,Jawa Barat,29,Tidak
24485,Lajang,Laki-laki,40000,2,Bali,52,Ya
16514,Lajang,Laki-laki,10000,0,Bali,26,Ya
17191,Lajang,Laki-laki,130000,3,Jawa Barat,51,Ya
19608,Menikah,Laki-laki,80000,5,Bali,40,Tidak
24119,Lajang,Laki-laki,30000,0,Jawa Barat,29,Tidak
25458,Menikah,Laki-laki,20000,1,Jawa Barat,40,Ya
26886,Lajang,Perempuan,30000,0,Jawa Barat,29,Ya
28436,Lajang,Laki-laki,30000,0,Jawa Barat,30,Ya
19562,Lajang,Perempuan,60000,2,Bali,37,Ya
15608,Lajang,Perempuan,30000,0,Jawa Barat,33,Tidak
16487,Lajang,Perempuan,30000,3,Bali,55,Tidak
17197,Lajang,Perempuan,90000,5,Jawa Barat,62,Tidak
12507,Menikah,Laki-laki,30000,1,Jawa Barat,43,Tidak
23940,Menikah,Laki-laki,40000,1,Jawa Barat,44,Ya
19441,,Laki-laki,40000,0,Jawa Barat,,Ya
26852,Menikah,Perempuan,20000,3,Jawa Barat,43,Tidak
12274,Lajang,Laki-laki,10000,2,Jawa Barat,35,Tidak
20236,Lajang,Laki-laki,60000,3,Bali,43,Ya
24149,Menikah,Laki-laki,10000,2,Jawa Barat,49,Tidak
26139,Lajang,Laki-laki,60000,1,Bali,45,Tidak
18491,Lajang,Perempuan,70000,2,Bali,49,Ya
22707,Lajang,Perempuan,30000,0,Jawa Barat,30,Tidak
20430,Menikah,Laki-laki,70000,2,Bali,52,Ya
27494,Lajang,Perempuan,40000,2,Bali,53,Ya
26829,Menikah,Perempuan,40000,0,Jawa Barat,38,Ya
28395,Lajang,Laki-laki,40000,0,Jawa Barat,39,Ya
21006,Lajang,Perempuan,,1,Jawa Barat,46,Ya
14682,Lajang,Perempuan,70000,0,Bali,38,Tidak
17650,Lajang,Perempuan,40000,2,Jawa Barat,35,Tidak
29191,Lajang,Perempuan,130000,1,Bali,36,Ya
15030,Menikah,Laki-laki,20000,0,Bali,26,Ya
24140,Lajang,Laki-laki,10000,0,Jawa Barat,30,Ya
22496,Menikah,Perempuan,30000,1,Jawa Barat,42,Tidak
24065,Lajang,Perempuan,20000,,Jawa Barat,40,Ya
19914,Menikah,Laki-laki,80000,5,Jawa Barat,62,Tidak
12871,Lajang,Perempuan,30000,0,Jawa Barat,29,Tidak
22988,Menikah,Perempuan,40000,2,Bali,66,Ya
15922,Menikah,Laki-laki,150000,2,Jawa Barat,48,Tidak
12344,Lajang,Perempuan,80000,0,Bali,31,Tidak
23627,Lajang,Perempuan,100000,3,Jawa Barat,56,Tidak
27775,Lajang,Perempuan,40000,0,Jawa Barat,38,Ya
29301,Menikah,Laki-laki,80000,5,Bali,40,Tidak
12716,Lajang,Laki-laki,30000,0,Jawa Barat,32,Tidak
12472,Menikah,Laki-laki,30000,1,Jawa Barat,39,Tidak
20970,Lajang,Laki-laki,10000,2,Jawa Barat,52,Ya
26818,Lajang,Laki-laki,10000,3,Jawa Barat,39,Ya
12993,Menikah,Laki-laki,60000,2,Bali,37,Tidak
14192,Menikah,Laki-laki,90000,4,Jawa Barat,56,Ya
19477,Menikah,Laki-laki,40000,0,Jawa Barat,40,Ya
26796,Lajang,Laki-laki,40000,2,Bali,65,Ya
21094,Lajang,Perempuan,30000,2,Jawa Barat,42,Tidak
12234,Menikah,Laki-laki,10000,2,Jawa Barat,52,Tidak
28683,Lajang,Perempuan,10000,1,Jawa Barat,35,Ya
17994,Lajang,Laki-laki,20000,2,Jawa Barat,42,Tidak
24273,Menikah,Perempuan,20000,2,Bali,55,Ya
26547,Lajang,Perempuan,30000,2,Bali,60,Ya
22500,Lajang,Laki-laki,40000,0,Jawa Barat,40,Ya
23993,Lajang,Perempuan,10000,0,Bali,26,Ya
14832,Menikah,Laki-laki,40000,1,Jawa Barat,42,Ya
16614,Menikah,Perempuan,80000,0,Bali,32,Tidak
20877,Lajang,Laki-laki,30000,1,Jawa Barat,37,Ya
20729,Menikah,Perempuan,40000,2,Jawa Barat,34,Tidak
22464,Menikah,Laki-laki,40000,0,Jawa Barat,37,Ya
19475,Menikah,Perempuan,40000,0,Jawa Barat,40,Ya
19675,Menikah,Laki-laki,20000,4,Bali,60,Tidak
12728,Lajang,Laki-laki,30000,0,Jawa Barat,27,Tidak
26154,,Laki-laki,60000,1,Bali,43,Ya
29117,Lajang,Laki-laki,100000,1,Bali,48,Tidak
17845,Lajang,Perempuan,20000,0,Jawa Barat,32,Tidak
25058,Menikah,Laki-laki,100000,1,Bali,47,Tidak
23426,Lajang,,80000,5,Bali,40,Tidak
14798,Lajang,Perempuan,10000,4,Jawa Barat,41,Ya
12664,Menikah,Perempuan,130000,5,Jawa Barat,59,Tidak
23979,Lajang,Laki-laki,10000,2,Jawa Barat,50,Tidak
25605,Lajang,Perempuan,20000,2,Jawa Barat,54,Ya
20797,Menikah,Perempuan,10000,1,Jawa Barat,48,Tidak
21980,Lajang,Perempuan,60000,1,Bali,44,Ya
25460,Menikah,Perempuan,20000,2,Jawa Barat,40,Ya
29181,Lajang,Perempuan,60000,2,Bali,38,Ya
24279,Lajang,Laki-laki,40000,2,Bali,52,Tidak
22402,Menikah,Laki-laki,10000,0,Bali,25,Ya
15465,Menikah,Perempuan,10000,0,Bali,25,Tidak
26757,Lajang,Laki-laki,90000,1,Bali,47,Ya
14233,Lajang,Laki-laki,100000,0,Bali,35,Tidak
14058,Lajang,Laki-laki,70000,0,Bali,41,Ya
12273,Menikah,Laki-laki,30000,1,Jawa Barat,47,Tidak
17203,Menikah,Perempuan,130000,4,Jawa Barat,61,Ya
18144,Menikah,Perempuan,80000,5,Jawa Barat,61,Tidak
23963,Menikah,Laki-laki,10000,0,Jawa Barat,33,Tidak
17907,Menikah,Perempuan,10000,0,Bali,27,Tidak
19442,Lajang,Laki-laki,50000,0,Jawa Barat,37,Ya
17504,Lajang,Perempuan,80000,2,Bali,52,Ya
12253,Lajang,Perempuan,20000,0,Bali,29,Ya
27304,Lajang,Perempuan,110000,2,Jawa Barat,48,Tidak
14191,Menikah,Laki-laki,160000,4,Jawa Barat,55,Ya
12212,Menikah,Perempuan,10000,0,Jawa Barat,37,Ya
25529,Lajang,Laki-laki,10000,1,Jawa Barat,44,Tidak
22170,Menikah,Perempuan,30000,3,Bali,55,Ya
19445,Menikah,Perempuan,10000,2,Jawa Barat,38,Tidak
15265,Lajang,Laki-laki,40000,2,Bali,66,Ya
28918,Menikah,Perempuan,130000,4,Jawa Barat,58,Tidak
15799,Menikah,Perempuan,90000,1,Bali,47,Ya
11047,Menikah,Perempuan,30000,3,Bali,56,Ya
18151,Lajang,Laki-laki,80000,5,Jawa Barat,59,Tidak
20606,Menikah,Perempuan,70000,0,Bali,32,Ya
19482,Menikah,Laki-laki,30000,1,Jawa Barat,44,Ya
16489,Menikah,Laki-laki,30000,3,Bali,55,Tidak
26944,Lajang,Laki-laki,,2,Jawa Barat,36,Ya
15682,Lajang,Perempuan,80000,5,Jawa Barat,62,Tidak
26032,Menikah,Perempuan,70000,5,Bali,41,Tidak
17843,Lajang,Perempuan,10000,0,Jawa Barat,32,Tidak
25559,Lajang,Laki-laki,20000,0,Bali,25,Ya
16209,Lajang,Perempuan,50000,0,Jawa Barat,36,Tidak
11147,Menikah,Laki-laki,60000,2,Bali,67,Ya
15214,Lajang,Perempuan,100000,0,Bali,39,Ya
11453,Lajang,Laki-laki,80000,0,Bali,33,Ya
24584,Lajang,Laki-laki,60000,0,Bali,31,Tidak
12585,Menikah,Laki-laki,10000,1,Bali,27,Ya
18626,Lajang,Laki-laki,40000,2,Jawa Barat,33,Ya
29298,Lajang,Perempuan,60000,1,Bali,46,Ya
24842,Lajang,Perempuan,90000,3,Jawa Barat,51,Tidak
15657,Menikah,Laki-laki,30000,3,Jawa Barat,46,Ya
11415,Lajang,Laki-laki,90000,5,Jawa Barat,62,Tidak
28729,Lajang,Perempuan,20000,0,Jawa Barat,26,Ya
22633,Lajang,Perempuan,40000,0,Jawa Barat,37,Ya
25649,Lajang,Perempuan,30000,3,Jawa Barat,42,Ya
14669,Menikah,Perempuan,80000,4,Bali,36,Tidak
19299,Menikah,Perempuan,50000,0,Jawa Barat,36,Ya
20946,Lajang,Perempuan,30000,0,Jawa Barat,30,Tidak
11451,Lajang,Laki-laki,70000,0,Bali,31,Ya
25553,Menikah,Laki-laki,30000,1,Jawa Barat,65,Ya
27951,Lajang,Laki-laki,80000,4,Jawa Barat,54,Ya
25026,Menikah,Laki-laki,20000,2,Bali,54,Tidak
13673,Lajang,Perempuan,20000,,Jawa Barat,25,Tidak
16043,Lajang,Laki-laki,10000,1,Jawa Barat,48,Tidak
22399,Lajang,Laki-laki,10000,0,Bali,26,Ya
27696,Menikah,Laki-laki,60000,1,Bali,43,Ya
25313,Lajang,Laki-laki,10000,0,Jawa Barat,35,Tidak
13813,Menikah,Perempuan,30000,3,Jawa Barat,42,Tidak
18711,Lajang,Perempuan,70000,5,Bali,39,Tidak
19650,Menikah,Perempuan,30000,2,Bali,67,Tidak
14135,Menikah,Laki-laki,20000,1,Jawa Barat,,Tidak
12833,Lajang,Perempuan,20000,3,Jawa Barat,42,Ya
26849,Menikah,Laki-laki,10000,3,Jawa Barat,43,Tidak
20962,Menikah,Perempuan,20000,1,Jawa Barat,45,Tidak
28915,Lajang,Laki-laki,80000,5,Jawa Barat,57,Tidak
22830,Menikah,Laki-laki,120000,4,Jawa Barat,56,Tidak
14777,Menikah,Perempuan,40000,0,Jawa Barat,38,Ya
12591,Menikah,Perempuan,30000,4,Jawa Barat,45,Tidak
24174,Menikah,Laki-laki,20000,0,Bali,27,Ya
24611,,Laki-laki,90000,0,Bali,35,Ya
11340,Menikah,Perempuan,10000,1,Jawa Barat,70,Ya
25693,Lajang,Perempuan,30000,5,Jawa Barat,44,Ya
25555,Menikah,Perempuan,10000,0,Bali,26,Ya
22006,Menikah,Laki-laki,70000,5,Bali,46,Tidak
20060,Lajang,Perempuan,30000,0,Jawa Barat,34,Ya
17702,Menikah,Laki-laki,10000,1,Jawa Barat,37,Tidak
12503,Lajang,Perempuan,30000,3,Jawa Barat,27,Tidak
23908,Lajang,Laki-laki,30000,1,Jawa Barat,39,Ya
22527,Lajang,Perempuan,20000,0,Jawa Barat,29,Tidak
19057,Menikah,Perempuan,120000,3,Jawa Barat,52,Ya
18494,Menikah,Laki-laki,110000,5,Bali,48,Ya
11249,Menikah,Perempuan,130000,3,Jawa Barat,51,Ya
21568,Menikah,Perempuan,100000,0,Bali,34,Ya
13981,Menikah,Perempuan,10000,5,Bali,62,Tidak
23432,Lajang,Laki-laki,70000,0,Bali,37,Ya
22931,Menikah,Laki-laki,100000,5,Bali,78,Ya
18172,Menikah,Laki-laki,130000,4,Jawa Barat,55,Tidak
12666,Lajang,Laki-laki,60000,0,Bali,31,Tidak
20598,Menikah,Laki-laki,100000,3,Jawa Barat,59,Ya
21375,Lajang,Laki-laki,20000,2,Bali,57,Tidak
20839,Lajang,Perempuan,30000,3,Jawa Barat,47,Ya
21738,Menikah,Laki-laki,20000,1,Jawa Barat,43,Tidak
14164,Lajang,Perempuan,50000,0,Jawa Barat,36,Ya
14193,Lajang,Perempuan,100000,3,Jawa Barat,56,Tidak
12705,Menikah,Laki-laki,150000,0,Bali,37,Ya
22672,Lajang,Perempuan,30000,2,Jawa Barat,43,Tidak
26219,Menikah,Perempuan,40000,1,Jawa Barat,33,Ya
28468,Menikah,Perempuan,10000,2,Jawa Barat,51,Tidak
23419,Lajang,Perempuan,70000,5,Bali,39,Tidak
17964,Menikah,Laki-laki,40000,0,Jawa Barat,37,Ya
20919,Lajang,Perempuan,30000,2,Jawa Barat,42,Tidak
20927,Lajang,Perempuan,20000,5,Jawa Barat,27,Tidak
13133,Lajang,Laki-laki,100000,5,Bali,47,Ya
19626,Menikah,Laki-laki,70000,5,Bali,45,Tidak
21039,Lajang,Perempuan,50000,0,Jawa Barat,37,Ya
12231,Lajang,Perempuan,10000,2,Jawa Barat,51,Ya
25665,Lajang,Perempuan,20000,0,Jawa Barat,28,Tidak
24061,Menikah,Laki-laki,10000,4,Jawa Barat,40,Ya
26879,Lajang,Perempuan,20000,0,Jawa Barat,30,Tidak
12284,Menikah,Perempuan,30000,0,Jawa Barat,36,Ya
26654,Menikah,Perempuan,90000,1,Bali,37,Ya
14545,Menikah,Perempuan,10000,2,Jawa Barat,49,Tidak
24201,Menikah,Perempuan,10000,2,Jawa Barat,37,Ya
20625,Menikah,Laki-laki,100000,0,Bali,35,Ya
16390,Lajang,Laki-laki,30000,1,Jawa Barat,38,Ya
14804,Lajang,Perempuan,10000,3,Jawa Barat,43,Tidak
12629,Lajang,Laki-laki,20000,1,Jawa Barat,37,Tidak
14696,Lajang,Laki-laki,10000,0,Jawa Barat,34,Tidak
22005,Menikah,Perempuan,70000,5,Bali,46,Tidak
14544,Lajang,Laki-laki,10000,1,Jawa Barat,49,Tidak
14312,Menikah,Perempuan,60000,1,Bali,45,Tidak
29120,Lajang,Perempuan,100000,1,Bali,48,Tidak
24187,Lajang,Perempuan,30000,3,Jawa Barat,46,Ya
15758,Menikah,Laki-laki,130000,0,Bali,48,Tidak
29094,Menikah,Laki-laki,30000,3,Bali,54,Ya
28319,Lajang,Perempuan,60000,1,Bali,46,Ya
16406,Menikah,Laki-laki,40000,0,Jawa Barat,38,Ya
20923,Menikah,Perempuan,40000,1,Jawa Barat,42,Ya
11378,Lajang,Perempuan,10000,1,Jawa Barat,46,Ya
20851,Lajang,Laki-laki,20000,0,Jawa Barat,36,Ya
21557,Lajang,Perempuan,110000,0,Bali,32,Ya
26663,Lajang,Perempuan,60000,2,Bali,39,Ya
11896,Menikah,Laki-laki,100000,1,Bali,36,Ya
14189,Menikah,Perempuan,90000,4,Jawa Barat,54,Ya
13136,Menikah,Perempuan,30000,2,Bali,69,Tidak
25906,Lajang,Perempuan,10000,5,Bali,62,Tidak
17926,,Perempuan,,0,Bali,28,Ya
26928,Lajang,Laki-laki,30000,1,Jawa Barat,62,Ya
20897,Menikah,Perempuan,30000,1,Jawa Barat,40,Tidak
28207,Menikah,Laki-laki,80000,4,Bali,36,Ya
25923,Lajang,Laki-laki,10000,2,Bali,58,Tidak
11000,Menikah,Laki-laki,90000,2,Bali,40,Ya
20974,Menikah,Laki-laki,10000,2,Jawa Barat,66,Tidak
28758,Menikah,Laki-laki,40000,2,Jawa Barat,35,Ya
11381,Menikah,Perempuan,20000,2,Jawa Barat,47,Ya
17522,Menikah,Laki-laki,120000,4,Bali,47,Tidak
21207,Menikah,Laki-laki,60000,1,Bali,46,Tidak
28102,Menikah,Laki-laki,20000,4,Bali,58,Ya
23105,Lajang,Laki-laki,40000,3,Bali,52,Ya
18740,Menikah,Laki-laki,80000,5,Bali,47,Ya
21213,Lajang,Laki-laki,70000,0,Bali,41,Tidak
17352,Menikah,Laki-laki,50000,2,Bali,64,Ya
14154,Menikah,Laki-laki,30000,0,Jawa Barat,35,Ya
19066,Menikah,Laki-laki,130000,4,Jawa Barat,54,Tidak
11386,Menikah,Perempuan,30000,3,Jawa Barat,45,Tidak
20228,Menikah,Laki-laki,100000,0,Bali,40,Ya
16675,Lajang,Perempuan,160000,0,Bali,47,Ya
16410,Lajang,Perempuan,10000,4,Jawa Barat,41,Ya
27760,Lajang,Perempuan,40000,0,Jawa Barat,37,Ya
22930,Menikah,Laki-laki,90000,4,Bali,38,Ya
23780,Lajang,Laki-laki,40000,2,Jawa Barat,36,Ya
20994,Menikah,Perempuan,20000,0,Bali,26,Ya
28379,Menikah,Laki-laki,30000,1,Jawa Barat,40,Tidak
14865,Lajang,Laki-laki,40000,2,Jawa Barat,36,Tidak
12663,Menikah,Perempuan,90000,5,Jawa Barat,59,Tidak
24898,Lajang,Perempuan,80000,0,Bali,32,Tidak
19508,Menikah,Laki-laki,10000,0,Jawa Barat,30,Tidak
11489,Lajang,Perempuan,20000,0,Jawa Barat,35,Ya
18160,Menikah,Laki-laki,130000,3,Jawa Barat,51,Ya
25241,Menikah,Laki-laki,90000,2,Bali,47,Tidak
24369,Menikah,,80000,5,Bali,39,Tidak
27165,Lajang,Laki-laki,20000,0,Jawa Barat,34,Tidak
29424,Menikah,Laki-laki,10000,0,Jawa Barat,32,Tidak
15926,Lajang,Perempuan,120000,3,Jawa Barat,50,Ya
14554,Menikah,Laki-laki,20000,1,Jawa Barat,66,Tidak
16468,Lajang,Laki-laki,30000,0,Jawa Barat,30,Tidak
19174,Lajang,Perempuan,30000,0,Jawa Barat,32,Ya
19183,Lajang,Laki-laki,10000,0,Jawa Barat,35,Tidak
13683,Lajang,Perempuan,30000,0,Jawa Barat,32,Tidak
17848,Lajang,Laki-laki,30000,0,Jawa Barat,31,Ya
17894,Menikah,Perempuan,20000,1,Jawa Barat,50,Ya
25651,Menikah,Laki-laki,40000,1,Jawa Barat,43,Ya
22936,Lajang,Perempuan,60000,1,Bali,45,Ya
23915,Menikah,Laki-laki,20000,2,Jawa Barat,42,Tidak
24121,Lajang,Perempuan,30000,0,Jawa Barat,29,Ya
27878,Lajang,Laki-laki,20000,0,Bali,28,Ya
13572,Lajang,Laki-laki,10000,3,Jawa Barat,37,Ya
27941,Menikah,Perempuan,80000,4,Jawa Barat,53,Tidak
26354,Lajang,Laki-laki,40000,0,Jawa Barat,38,Ya
14785,Lajang,Laki-laki,30000,1,Jawa Barat,39,Tidak
17238,Lajang,Laki-laki,80000,0,Bali,32,Tidak
23608,Menikah,Perempuan,150000,3,Jawa Barat,51,Ya
22538,Lajang,Perempuan,10000,0,Jawa Barat,33,Tidak
12332,Menikah,Laki-laki,90000,4,Jawa Barat,58,Ya
17230,Menikah,Laki-laki,80000,0,Bali,30,Tidak
13082,Lajang,Laki-laki,130000,0,Bali,48,Ya
22518,Lajang,Perempuan,30000,3,Jawa Barat,27,Ya
13687,Menikah,Laki-laki,40000,1,Jawa Barat,33,Ya
23571,Menikah,Perempuan,40000,2,Bali,66,Ya
19305,Lajang,Perempuan,10000,2,Jawa Barat,38,Ya
22636,Lajang,Perempuan,40000,0,Jawa Barat,38,Ya
17310,Menikah,Laki-laki,60000,1,Bali,45,Ya
12133,Menikah,Perempuan,130000,3,Jawa Barat,50,Ya
25918,Lajang,Perempuan,30000,2,Bali,60,Ya
25752,Lajang,Perempuan,20000,2,Jawa Barat,53,Ya
17324,Menikah,Perempuan,100000,4,Bali,46,Tidak
22918,Lajang,Laki-laki,80000,5,Bali,,Tidak
12510,Menikah,Laki-laki,40000,1,Jawa Barat,43,Ya
25512,Lajang,Laki-laki,20000,0,Jawa Barat,30,Tidak
16179,Lajang,Perempuan,80000,5,Bali,38,Tidak
15628,Menikah,Perempuan,40000,1,Jawa Barat,89,Tidak
20977,Menikah,Laki-laki,20000,1,Jawa Barat,64,Ya
18140,Menikah,Laki-laki,130000,3,Jawa Barat,51,Ya
20417,Menikah,Laki-laki,30000,3,Bali,56,Tidak
18267,Menikah,Laki-laki,60000,3,Bali,43,Tidak
13620,Lajang,Laki-laki,70000,0,Bali,30,Ya
22974,Menikah,Perempuan,30000,2,Bali,69,Tidak
13586,Menikah,Laki-laki,80000,4,Jawa Barat,53,Tidak
17978,Menikah,Laki-laki,40000,0,Jawa Barat,37,Ya
12581,Lajang,Perempuan,10000,0,Bali,28,Ya
18018,Lajang,Laki-laki,30000,3,Jawa Barat,43,Tidak
28957,Lajang,Perempuan,120000,,Bali,34,Ya
13690,Lajang,Perempuan,20000,0,Jawa Barat,34,Ya
12568,Menikah,Perempuan,30000,1,Jawa Barat,64,Tidak
13122,Menikah,Perempuan,80000,0,Bali,41,Ya
21184,Lajang,Laki-laki,70000,0,Bali,38,Tidak
26150,Lajang,Perempuan,70000,0,Bali,41,Ya
24151,Lajang,Laki-laki,20000,1,Jawa Barat,51,Tidak
23962,Menikah,Perempuan,10000,0,Jawa Barat,32,Tidak
17793,Menikah,Perempuan,40000,0,Jawa Barat,38,Ya
14926,Menikah,Laki-laki,30000,1,Jawa Barat,38,Ya
16163,Lajang,Laki-laki,60000,2,Bali,38,Ya
21365,Menikah,Perempuan,10000,2,Bali,58,Tidak
27771,Lajang,Laki-laki,30000,1,Jawa Barat,39,Ya
26167,Lajang,Perempuan,40000,2,Bali,53,Ya
25792,Lajang,Perempuan,110000,3,Jawa Barat,53,Tidak
11555,Menikah,Perempuan,40000,1,Jawa Barat,80,Tidak
22381,Menikah,Laki-laki,10000,1,Jawa Barat,44,Tidak
17882,Menikah,Laki-laki,20000,1,Jawa Barat,44,Tidak
22174,Menikah,Laki-laki,30000,3,Bali,54,Ya
22439,Menikah,Perempuan,30000,0,Jawa Barat,37,Ya
18012,Menikah,Perempuan,40000,1,Jawa Barat,41,Tidak
27582,Lajang,Perempuan,90000,2,Bali,36,Ya
12744,Lajang,Perempuan,40000,2,Jawa Barat,33,Tidak
22821,Menikah,Perempuan,130000,3,Jawa Barat,52,Tidak
20171,Menikah,Perempuan,20000,2,Jawa Barat,46,Ya
11116,Menikah,Laki-laki,70000,5,Bali,43,Tidak
20053,Lajang,Laki-laki,40000,2,Jawa Barat,34,Tidak
25266,Lajang,Perempuan,30000,2,Bali,67,Tidak
17960,Menikah,Perempuan,40000,0,Jawa Barat,35,Ya
13961,Menikah,Perempuan,80000,5,Bali,40,Tidak
11897,Lajang,Laki-laki,60000,2,Bali,37,Ya
11139,Lajang,Perempuan,30000,2,Bali,67,Tidak
11576,Menikah,Laki-laki,30000,1,Jawa Barat,41,Ya
19255,Lajang,Laki-laki,10000,2,Jawa Barat,51,Ya
18153,Menikah,Perempuan,100000,2,Jawa Barat,59,Tidak
14547,Menikah,Laki-laki,10000,2,Jawa Barat,51,Tidak
24901,Lajang,Laki-laki,110000,0,Bali,32,Ya
27169,Lajang,Laki-laki,30000,0,Jawa Barat,34,Ya
14805,Lajang,Perempuan,10000,3,Jawa Barat,43,Tidak
15822,Menikah,Laki-laki,40000,2,Bali,67,Tidak
19389,Lajang,Laki-laki,30000,0,Jawa Barat,28,Tidak
17048,Lajang,Perempuan,90000,1,Bali,36,Ya
22204,Menikah,Laki-laki,110000,4,Bali,48,Tidak
12718,Lajang,Perempuan,30000,0,Jawa Barat,31,Tidak
15019,Lajang,Perempuan,30000,3,Bali,55,Tidak
28488,Lajang,Laki-laki,20000,0,Bali,28,Ya
21891,Menikah,Perempuan,110000,0,Bali,34,Ya
27814,Lajang,Perempuan,30000,3,Jawa Barat,26,Tidak
22175,Menikah,Perempuan,30000,3,Bali,53,Ya
29447,Lajang,Perempuan,10000,2,Jawa Barat,68,Tidak
19784,Menikah,Perempuan,80000,2,Bali,50,Ya
27824,Lajang,Perempuan,30000,3,Jawa Barat,28,Ya
24093,Lajang,Perempuan,80000,0,Jawa Barat,40,Ya
19618,Menikah,Laki-laki,70000,5,Bali,44,Tidak
21561,Lajang,Laki-laki,90000,0,Bali,34,Ya
11061,Menikah,Laki-laki,,2,Bali,52,Ya
26651,Lajang,Laki-laki,80000,4,Bali,36,Ya
21108,Menikah,Perempuan,40000,1,Jawa Barat,43,Ya
12731,Lajang,Laki-laki,30000,0,Jawa Barat,32,Tidak
25307,Menikah,Perempuan,40000,1,Jawa Barat,32,Ya
14278,Menikah,Perempuan,130000,0,Bali,48,Tidak
20711,Menikah,Perempuan,40000,1,Jawa Barat,32,Ya
11383,Menikah,Perempuan,30000,3,Jawa Barat,46,Tidak
12497,Menikah,Perempuan,40000,1,Jawa Barat,42,Tidak
16559,Lajang,Perempuan,10000,2,Jawa Barat,36,Ya
11585,Menikah,Perempuan,40000,1,Jawa Barat,41,Tidak
20277,Menikah,Perempuan,30000,2,Bali,69,Tidak
26765,Lajang,Perempuan,70000,5,Bali,45,Tidak
12389,Lajang,Laki-laki,30000,0,Jawa Barat,34,Tidak
13585,Menikah,Perempuan,80000,4,Jawa Barat,53,Ya
26385,Lajang,Laki-laki,120000,3,Jawa Barat,50,Tidak
12236,Menikah,Perempuan,20000,1,Jawa Barat,65,Tidak
21560,Menikah,Laki-laki,120000,0,Bali,32,Ya
21554,Lajang,Perempuan,80000,0,Bali,33,Tidak
13662,Lajang,Laki-laki,20000,0,Jawa Barat,31,Ya
13089,Menikah,Perempuan,120000,1,Bali,46,Ya
14791,Menikah,Perempuan,40000,0,Jawa Barat,39,Ya
19331,Lajang,Laki-laki,20000,2,Jawa Barat,40,Tidak
17754,Lajang,Perempuan,30000,3,Jawa Barat,46,Ya
11149,Menikah,Laki-laki,40000,2,Bali,65,Tidak
16549,Lajang,Perempuan,30000,3,Jawa Barat,47,Ya
24305,Lajang,Laki-laki,100000,1,Bali,46,Ya
18253,Menikah,Perempuan,80000,5,Bali,40,Tidak
20147,Menikah,Perempuan,30000,1,Jawa Barat,65,Tidak
15612,Lajang,Laki-laki,30000,0,Jawa Barat,28,Tidak
28323,Lajang,Laki-laki,70000,0,Bali,43,Ya
22634,Lajang,Perempuan,40000,0,Jawa Barat,38,Ya
15665,Menikah,Perempuan,30000,0,Jawa Barat,47,Ya
27585,Menikah,Perempuan,90000,2,Bali,36,Ya
19748,Menikah,Laki-laki,20000,4,Bali,60,Tidak
21974,Lajang,Perempuan,70000,0,Bali,42,Ya
14032,Menikah,Laki-laki,70000,2,Bali,50,Ya
22610,Menikah,Laki-laki,30000,0,Jawa Barat,35,Ya
26984,Menikah,Laki-laki,40000,1,Jawa Barat,32,Ya
18294,Menikah,Perempuan,90000,1,Bali,46,Tidak
28564,Lajang,Perempuan,40000,2,Jawa Barat,33,Ya
28521,Lajang,Laki-laki,40000,0,Jawa Barat,36,Ya
15450,Menikah,Laki-laki,10000,1,Jawa Barat,70,Tidak
25681,Lajang,Perempuan,30000,0,Jawa Barat,31,Ya
19491,Lajang,Laki-laki,30000,2,Jawa Barat,42,Tidak
26415,Menikah,Perempuan,90000,4,Jawa Barat,58,Tidak
12821,Menikah,Laki-laki,40000,0,Jawa Barat,39,Tidak
15629,Lajang,Perempuan,10000,0,Jawa Barat,34,Tidak
27835,Menikah,Laki-laki,20000,0,Jawa Barat,32,Tidak
11738,Menikah,Laki-laki,60000,4,Sulawesi Utara,46,Tidak
25065,Menikah,Laki-laki,70000,2,Sulawesi Utara,48,Tidak
26238,Lajang,Perempuan,40000,3,Sulawesi Utara,31,Ya
23707,Lajang,Laki-laki,70000,5,Sulawesi Utara,60,Ya
27650,Menikah,Laki-laki,70000,4,Sulawesi Utara,51,Tidak
24981,Menikah,Laki-laki,60000,2,Sulawesi Utara,56,Tidak
20678,Lajang,Perempuan,60000,3,Sulawesi Utara,40,Ya
15302,Lajang,Perempuan,70000,1,Sulawesi Utara,34,Ya
26012,Menikah,Laki-laki,80000,1,Sulawesi Utara,48,Ya
26575,Lajang,Perempuan,40000,0,Sulawesi Utara,31,Ya
15559,Menikah,Laki-laki,60000,5,Sulawesi Utara,47,Tidak
19235,Menikah,Perempuan,50000,0,Sulawesi Utara,34,Tidak
15275,Menikah,Laki-laki,40000,0,Sulawesi Utara,29,Tidak
20339,Menikah,Perempuan,130000,1,Sulawesi Utara,44,Ya
25405,Menikah,Laki-laki,70000,2,Sulawesi Utara,38,Ya
15940,Menikah,Laki-laki,100000,4,Sulawesi Utara,40,Tidak
25074,Menikah,Perempuan,70000,4,Sulawesi Utara,42,Ya
24738,Menikah,Perempuan,40000,1,Sulawesi Utara,51,Ya
16337,Menikah,Laki-laki,60000,0,Sulawesi Utara,29,Tidak
24357,Menikah,Laki-laki,,3,Sulawesi Utara,48,Ya
18613,Lajang,Laki-laki,70000,0,Sulawesi Utara,37,Ya
12207,Lajang,Laki-laki,80000,4,Sulawesi Utara,66,Ya
18052,Menikah,Perempuan,60000,1,Sulawesi Utara,45,Ya
13353,Lajang,Perempuan,60000,4,Sulawesi Utara,61,Ya
19399,Lajang,Laki-laki,40000,0,Sulawesi Utara,45,Tidak
16154,Menikah,Perempuan,70000,5,Sulawesi Utara,47,Tidak
22219,Menikah,Perempuan,60000,2,Sulawesi Utara,49,Tidak
17269,Lajang,Laki-laki,60000,3,Sulawesi Utara,47,Ya
23586,Menikah,Perempuan,80000,0,Sulawesi Utara,34,Ya
15740,Menikah,Laki-laki,80000,5,Sulawesi Utara,64,Tidak
27638,Lajang,Laki-laki,100000,1,Sulawesi Utara,44,Tidak
18976,Lajang,Laki-laki,40000,4,Sulawesi Utara,62,Ya
19413,Lajang,Laki-laki,60000,3,Sulawesi Utara,47,Ya
13283,Menikah,Laki-laki,80000,3,Sulawesi Utara,49,Ya
17471,Lajang,Perempuan,80000,4,Sulawesi Utara,67,Tidak
16791,Lajang,Laki-laki,60000,5,Sulawesi Utara,59,Ya
15382,Menikah,Perempuan,110000,1,Sulawesi Utara,44,Tidak
11641,Menikah,Laki-laki,50000,1,Sulawesi Utara,36,Tidak
11935,Lajang,Perempuan,30000,0,Sulawesi Utara,28,Tidak
13233,Menikah,Laki-laki,60000,2,Sulawesi Utara,57,Ya
25909,Menikah,Laki-laki,60000,0,Sulawesi Utara,27,Ya
14092,Lajang,Laki-laki,30000,0,Sulawesi Utara,28,Tidak
29143,Lajang,Perempuan,60000,1,Sulawesi Utara,44,Ya
24941,Menikah,Laki-laki,60000,3,Sulawesi Utara,66,Tidak
24637,Menikah,Laki-laki,40000,4,Sulawesi Utara,64,Tidak
23893,Menikah,Laki-laki,50000,3,Sulawesi Utara,41,Tidak
13907,Lajang,Perempuan,80000,3,Sulawesi Utara,41,Ya
14900,Menikah,Perempuan,40000,1,Sulawesi Utara,49,Ya
11262,Menikah,Perempuan,80000,4,Sulawesi Utara,42,Tidak
22294,Lajang,Perempuan,70000,0,Sulawesi Utara,37,Ya
12195,Lajang,Perempuan,70000,3,Sulawesi Utara,52,Tidak
25375,Menikah,Laki-laki,50000,1,Sulawesi Utara,34,Tidak
11143,Menikah,Laki-laki,40000,0,Sulawesi Utara,29,Tidak
25898,Menikah,Perempuan,70000,2,Sulawesi Utara,53,Tidak
24397,Lajang,Laki-laki,120000,2,Sulawesi Utara,40,Tidak
19758,Lajang,Laki-laki,60000,0,Sulawesi Utara,29,Tidak
15529,Menikah,Laki-laki,60000,4,Sulawesi Utara,43,Ya
19884,Menikah,Laki-laki,60000,2,Sulawesi Utara,55,Ya
18674,Lajang,Perempuan,80000,4,Sulawesi Utara,48,Tidak
13453,Menikah,Perempuan,130000,,Sulawesi Utara,45,Ya
14063,Lajang,Perempuan,70000,0,Bali,42,Ya
27393,Menikah,Perempuan,50000,4,Sulawesi Utara,63,Tidak
14417,Lajang,Laki-laki,60000,3,Sulawesi Utara,54,Ya
17533,Menikah,Laki-laki,40000,3,Sulawesi Utara,73,Ya
18580,Menikah,Perempuan,60000,2,Sulawesi Utara,,Ya
17025,Lajang,Laki-laki,50000,0,Sulawesi Utara,39,Ya
25293,Menikah,Laki-laki,80000,4,Sulawesi Utara,42,Tidak
24725,Menikah,Perempuan,40000,3,Sulawesi Utara,31,Tidak
23200,Menikah,Perempuan,50000,3,Sulawesi Utara,41,Tidak
15895,Lajang,Perempuan,60000,2,Sulawesi Utara,58,Tidak
18577,Menikah,Perempuan,60000,0,Sulawesi Utara,40,Tidak
27218,Menikah,Perempuan,20000,2,Sulawesi Utara,48,Tidak
18560,Menikah,Perempuan,70000,2,Sulawesi Utara,34,Ya
25006,Lajang,Perempuan,30000,0,Sulawesi Utara,28,Tidak
17369,Lajang,Laki-laki,30000,0,Sulawesi Utara,27,Tidak
14495,Menikah,Laki-laki,40000,3,Sulawesi Utara,54,Ya
18847,Menikah,Perempuan,60000,2,Sulawesi Utara,70,Tidak
14754,Menikah,Laki-laki,40000,1,Sulawesi Utara,48,Ya
23378,Menikah,Laki-laki,70000,1,Sulawesi Utara,44,Ya
26452,Lajang,Laki-laki,50000,3,Sulawesi Utara,69,Tidak
20370,Menikah,Laki-laki,70000,3,Sulawesi Utara,52,Tidak
20528,Menikah,Laki-laki,40000,2,Sulawesi Utara,55,Tidak
23549,Lajang,Laki-laki,30000,0,Sulawesi Utara,30,Tidak
21751,Menikah,Laki-laki,60000,3,Sulawesi Utara,63,Tidak
21266,Lajang,Perempuan,80000,0,Sulawesi Utara,34,Ya
13388,Lajang,Laki-laki,60000,2,Sulawesi Utara,56,Tidak
18752,Lajang,Perempuan,40000,0,Sulawesi Utara,31,Tidak
16917,Menikah,Laki-laki,120000,1,Sulawesi Utara,38,Tidak
15313,Menikah,Laki-laki,60000,4,Sulawesi Utara,59,Tidak
25329,Lajang,Perempuan,40000,3,Sulawesi Utara,32,Tidak
20380,Menikah,Perempuan,60000,3,Sulawesi Utara,69,Tidak
23089,Menikah,Laki-laki,40000,0,Sulawesi Utara,28,Tidak
13749,Menikah,Laki-laki,80000,4,Sulawesi Utara,47,Tidak
24943,Menikah,Laki-laki,60000,3,Sulawesi Utara,66,Tidak
28667,Lajang,Laki-laki,70000,2,Sulawesi Utara,37,Ya
15194,Lajang,Laki-laki,120000,2,Sulawesi Utara,39,Ya
17436,Menikah,Laki-laki,60000,2,Sulawesi Utara,51,Tidak
18935,Menikah,Perempuan,130000,0,Sulawesi Utara,40,Tidak
16871,Menikah,Perempuan,90000,2,Sulawesi Utara,51,Ya
12100,Lajang,Laki-laki,60000,2,Sulawesi Utara,57,Tidak
23158,Menikah,Perempuan,60000,1,Sulawesi Utara,35,Ya
18545,Menikah,Laki-laki,40000,4,Sulawesi Utara,61,Ya
18391,Lajang,Perempuan,80000,5,Sulawesi Utara,44,Tidak
19812,Lajang,Perempuan,70000,2,Sulawesi Utara,49,Ya
27660,Menikah,Laki-laki,80000,4,Sulawesi Utara,70,Tidak
18058,Lajang,Perempuan,20000,3,Sulawesi Utara,78,Tidak
20343,Menikah,Perempuan,90000,4,Sulawesi Utara,45,Tidak
28997,Lajang,Laki-laki,40000,2,Sulawesi Utara,58,Ya
24398,Menikah,Laki-laki,130000,1,Sulawesi Utara,41,Tidak
19002,Menikah,Perempuan,60000,2,Sulawesi Utara,57,Ya
28609,Menikah,Laki-laki,30000,2,Sulawesi Utara,49,Tidak
29231,Lajang,,80000,4,Sulawesi Utara,43,Tidak
18858,Lajang,Laki-laki,60000,2,Sulawesi Utara,52,Ya
20000,Menikah,Laki-laki,60000,1,Sulawesi Utara,35,Ya
25261,Menikah,Laki-laki,40000,0,Sulawesi Utara,27,Tidak
17458,Lajang,Laki-laki,70000,3,Sulawesi Utara,52,Ya
11644,Lajang,Laki-laki,40000,2,Sulawesi Utara,36,Tidak
16145,Lajang,Perempuan,70000,5,Sulawesi Utara,46,Ya
16890,Menikah,Laki-laki,60000,3,Sulawesi Utara,52,Ya
25983,Menikah,Laki-laki,70000,0,Sulawesi Utara,43,Tidak
14633,Menikah,Laki-laki,60000,1,Sulawesi Utara,44,Tidak
22994,Menikah,Perempuan,80000,0,Sulawesi Utara,34,Ya
22983,Lajang,Perempuan,30000,0,Sulawesi Utara,27,Tidak
25184,Lajang,Laki-laki,110000,1,Sulawesi Utara,45,Ya
14469,Menikah,Perempuan,100000,3,Sulawesi Utara,45,Tidak
11538,Lajang,Perempuan,60000,4,Sulawesi Utara,47,Ya
16245,Lajang,Perempuan,80000,4,Sulawesi Utara,47,Tidak
17858,Menikah,Laki-laki,40000,4,Sulawesi Utara,44,Ya
25347,Lajang,Perempuan,20000,3,Sulawesi Utara,49,Tidak
15814,Lajang,Perempuan,40000,0,Sulawesi Utara,30,Tidak
11259,Menikah,Perempuan,100000,4,Sulawesi Utara,41,Ya
11200,Menikah,Laki-laki,70000,4,Sulawesi Utara,58,Tidak
25101,Menikah,Laki-laki,60000,5,Sulawesi Utara,47,Tidak
21801,Menikah,Perempuan,70000,4,Sulawesi Utara,55,Tidak
25943,Lajang,Perempuan,70000,0,Sulawesi Utara,27,Ya
22127,Menikah,Laki-laki,60000,3,Sulawesi Utara,67,Tidak
20414,Menikah,Perempuan,60000,0,Sulawesi Utara,29,Tidak
23672,Menikah,Perempuan,60000,3,Sulawesi Utara,67,Tidak
29255,Lajang,Laki-laki,80000,3,Sulawesi Utara,51,Ya
28815,Menikah,Perempuan,50000,1,Sulawesi Utara,35,Tidak
27753,Menikah,Laki-laki,40000,0,Sulawesi Utara,30,Tidak
27643,Lajang,Laki-laki,70000,5,Sulawesi Utara,44,Tidak
13754,Lajang,Perempuan,80000,4,Sulawesi Utara,48,Tidak
22088,Menikah,Perempuan,130000,1,Sulawesi Utara,45,Ya
27388,Menikah,Laki-laki,60000,3,Sulawesi Utara,66,Tidak
24745,Lajang,Perempuan,30000,2,Sulawesi Utara,49,Tidak
29237,Lajang,Perempuan,120000,4,Sulawesi Utara,43,Ya
15272,Lajang,Laki-laki,40000,0,Sulawesi Utara,30,Tidak
18949,Lajang,Laki-laki,70000,,Sulawesi Utara,74,Ya
14507,Menikah,Laki-laki,100000,2,Sulawesi Utara,65,Tidak
25886,Menikah,Perempuan,60000,2,Sulawesi Utara,56,Ya
21441,Menikah,Laki-laki,50000,4,Sulawesi Utara,64,Tidak
21741,Menikah,Perempuan,70000,3,Sulawesi Utara,50,Ya
14572,Menikah,Perempuan,70000,3,Sulawesi Utara,35,Ya
23368,Menikah,Perempuan,60000,5,Sulawesi Utara,41,Tidak
16217,Lajang,Perempuan,60000,0,Sulawesi Utara,39,Tidak
16247,Lajang,Perempuan,60000,4,Sulawesi Utara,47,Tidak
22010,Lajang,Laki-laki,40000,0,Sulawesi Utara,31,Tidak
25872,Lajang,Perempuan,70000,2,Sulawesi Utara,58,Ya
19164,Lajang,Perempuan,70000,0,Sulawesi Utara,38,Ya
18435,Lajang,Perempuan,70000,5,Sulawesi Utara,67,Ya
14284,Lajang,Laki-laki,60000,0,Sulawesi Utara,32,Ya
11287,Menikah,Laki-laki,70000,5,Sulawesi Utara,45,Tidak
13066,Lajang,Laki-laki,30000,0,Sulawesi Utara,31,Ya
29106,Lajang,Laki-laki,40000,0,Sulawesi Utara,31,Ya
26236,Menikah,Perempuan,40000,3,Sulawesi Utara,31,Tidak
17531,Menikah,Laki-laki,60000,2,Sulawesi Utara,50,Tidak
12964,Menikah,Laki-laki,70000,1,Sulawesi Utara,44,Tidak
19133,Lajang,Laki-laki,50000,2,Sulawesi Utara,38,Ya
24643,Lajang,Perempuan,60000,4,Sulawesi Utara,63,Tidak
21599,Menikah,Perempuan,60000,1,Sulawesi Utara,36,Ya
22976,Lajang,Laki-laki,40000,0,Sulawesi Utara,28,Ya
27637,Lajang,Perempuan,100000,1,Sulawesi Utara,44,Tidak
11890,Menikah,Perempuan,70000,5,Sulawesi Utara,47,Tidak
28580,Menikah,Perempuan,80000,0,Sulawesi Utara,40,Ya
14443,Menikah,Laki-laki,130000,1,Sulawesi Utara,40,Tidak
17864,Menikah,Perempuan,60000,1,Sulawesi Utara,46,Ya
20505,Menikah,Perempuan,40000,5,Sulawesi Utara,61,Tidak
14592,Menikah,Perempuan,60000,0,Sulawesi Utara,40,Tidak
22227,Menikah,Perempuan,60000,2,Sulawesi Utara,50,Tidak
21471,Menikah,Laki-laki,70000,2,Sulawesi Utara,59,Tidak
22252,Lajang,Perempuan,60000,1,Sulawesi Utara,36,Ya
21260,Lajang,Perempuan,40000,0,Sulawesi Utara,30,Tidak
11817,Lajang,Perempuan,70000,4,Sulawesi Utara,35,Ya
19223,Menikah,Perempuan,30000,2,Sulawesi Utara,48,Tidak
18517,Menikah,Laki-laki,100000,3,Sulawesi Utara,41,Tidak
21717,Menikah,Laki-laki,40000,2,Sulawesi Utara,47,Tidak
13760,Menikah,Laki-laki,60000,4,Sulawesi Utara,47,Tidak
18145,Menikah,Laki-laki,80000,5,Jawa Barat,62,Tidak
21770,Menikah,Laki-laki,60000,4,Sulawesi Utara,60,Tidak
11165,Menikah,Perempuan,60000,0,Sulawesi Utara,33,Tidak
16377,Lajang,Perempuan,80000,4,Sulawesi Utara,47,Tidak
26248,Menikah,Laki-laki,20000,3,Sulawesi Utara,52,Tidak
23461,Menikah,Perempuan,90000,5,Sulawesi Utara,40,Tidak
29133,Lajang,Perempuan,60000,4,Sulawesi Utara,42,Tidak
27673,Lajang,Perempuan,60000,3,Sulawesi Utara,53,Ya
12774,Menikah,Perempuan,40000,1,Sulawesi Utara,51,Ya
18910,Lajang,Laki-laki,30000,0,Sulawesi Utara,30,Tidak
11699,Lajang,,60000,,Sulawesi Utara,,Tidak
16725,Menikah,Laki-laki,30000,0,Sulawesi Utara,26,Tidak
28269,Lajang,Perempuan,130000,1,Sulawesi Utara,45,Tidak
23144,Menikah,Laki-laki,50000,1,Sulawesi Utara,34,Ya
23376,Menikah,Laki-laki,70000,1,Sulawesi Utara,44,Ya
25970,Lajang,Perempuan,60000,4,Sulawesi Utara,41,Ya
28068,Lajang,Perempuan,80000,3,Sulawesi Utara,36,Ya
18390,Menikah,,80000,5,Sulawesi Utara,44,Tidak
29112,Lajang,Laki-laki,60000,0,Sulawesi Utara,30,Tidak
14090,Menikah,Perempuan,30000,0,Sulawesi Utara,28,Tidak
27040,Menikah,Laki-laki,20000,2,Sulawesi Utara,49,Tidak
23479,Lajang,Laki-laki,90000,0,Sulawesi Utara,43,Ya
16795,Menikah,Perempuan,70000,4,Sulawesi Utara,59,Tidak
22014,Lajang,Laki-laki,30000,0,Sulawesi Utara,26,Tidak
13314,Menikah,Laki-laki,120000,1,Sulawesi Utara,46,Ya
11619,Lajang,Perempuan,50000,0,Sulawesi Utara,33,Tidak
29132,Lajang,Perempuan,40000,0,Sulawesi Utara,42,Ya
11199,Menikah,Perempuan,70000,4,Sulawesi Utara,59,Tidak
20296,Lajang,Perempuan,60000,0,Sulawesi Utara,33,Ya
17546,Menikah,Perempuan,70000,1,Sulawesi Utara,44,Ya
18069,Menikah,Laki-laki,70000,5,Sulawesi Utara,60,Tidak
23712,Lajang,Perempuan,70000,2,Sulawesi Utara,59,Tidak
23358,Menikah,Laki-laki,60000,0,Sulawesi Utara,32,Ya
20518,Menikah,Perempuan,70000,2,Sulawesi Utara,58,Tidak
28026,Menikah,Perempuan,40000,2,Sulawesi Utara,59,Tidak
11669,Lajang,Perempuan,70000,2,Sulawesi Utara,38,Tidak
16020,Menikah,Laki-laki,40000,0,Sulawesi Utara,28,Ya
27090,Menikah,Perempuan,60000,1,Sulawesi Utara,37,Ya
27198,Lajang,Perempuan,80000,0,Sulawesi Utara,40,Tidak
19661,Lajang,Laki-laki,90000,4,Sulawesi Utara,38,Ya
26327,Menikah,Laki-laki,70000,4,Sulawesi Utara,36,Ya
26341,Menikah,Perempuan,70000,5,Sulawesi Utara,37,Tidak
24958,Lajang,Perempuan,40000,5,Sulawesi Utara,60,Ya
13287,Lajang,Laki-laki,110000,4,Sulawesi Utara,42,Ya
14493,Lajang,Perempuan,70000,3,Sulawesi Utara,53,Tidak
26678,Lajang,Perempuan,80000,2,Sulawesi Utara,49,Tidak
23275,Menikah,Laki-laki,30000,2,Sulawesi Utara,49,Tidak
11270,Menikah,Laki-laki,130000,2,Sulawesi Utara,42,Ya
20084,Menikah,Laki-laki,20000,2,Sulawesi Utara,53,Tidak
16144,Menikah,Laki-laki,70000,1,Sulawesi Utara,46,Ya
27731,Menikah,Laki-laki,40000,0,Sulawesi Utara,27,Tidak
11886,Menikah,Perempuan,60000,3,Sulawesi Utara,48,Ya
24324,Lajang,Perempuan,60000,4,Sulawesi Utara,41,Ya
22220,Menikah,Laki-laki,60000,2,Sulawesi Utara,49,Ya
26625,Lajang,Perempuan,60000,0,Sulawesi Utara,38,Ya
23027,Lajang,Laki-laki,130000,1,Sulawesi Utara,44,Tidak
16867,Lajang,Perempuan,130000,1,Sulawesi Utara,45,Ya
14514,Lajang,Perempuan,30000,0,Sulawesi Utara,26,Tidak
19634,Menikah,Laki-laki,40000,0,Sulawesi Utara,31,Tidak
18504,Menikah,Laki-laki,70000,2,Sulawesi Utara,49,Tidak
28799,Lajang,Perempuan,40000,2,Sulawesi Utara,47,Ya
11225,Menikah,Perempuan,60000,2,Sulawesi Utara,55,Tidak
17657,Menikah,Laki-laki,40000,4,Sulawesi Utara,30,Tidak
14913,Menikah,Perempuan,40000,1,Sulawesi Utara,48,Ya
14077,Lajang,Laki-laki,30000,0,Sulawesi Utara,30,Tidak
13296,Menikah,Laki-laki,110000,1,Sulawesi Utara,45,Tidak
20535,Menikah,Perempuan,70000,4,Sulawesi Utara,56,Tidak
12452,Menikah,Laki-laki,60000,4,Sulawesi Utara,47,Ya
28043,Menikah,Perempuan,60000,2,Sulawesi Utara,56,Tidak
12957,Lajang,Perempuan,70000,1,Sulawesi Utara,44,Tidak
15412,Menikah,Laki-laki,130000,2,Sulawesi Utara,69,Tidak
20514,Menikah,Perempuan,70000,2,Sulawesi Utara,59,Tidak
20758,Menikah,Laki-laki,30000,2,Sulawesi Utara,50,Tidak
11801,Menikah,Laki-laki,60000,1,Sulawesi Utara,36,Tidak
22211,Menikah,Laki-laki,60000,0,Sulawesi Utara,32,Tidak
28087,Lajang,Perempuan,40000,0,Sulawesi Utara,27,Tidak
23668,Menikah,Perempuan,40000,4,Sulawesi Utara,59,Ya
27441,Menikah,Laki-laki,60000,3,Sulawesi Utara,53,Tidak
27261,Menikah,Laki-laki,40000,1,Sulawesi Utara,36,Ya
18649,Lajang,Laki-laki,30000,1,Sulawesi Utara,51,Ya
21714,Lajang,Perempuan,80000,5,Sulawesi Utara,47,Tidak
23217,Lajang,Perempuan,60000,3,Sulawesi Utara,43,Ya
23797,Lajang,Laki-laki,20000,3,Sulawesi Utara,50,Tidak
13216,Menikah,Perempuan,60000,5,Sulawesi Utara,59,Tidak
20657,Lajang,Laki-laki,50000,2,Sulawesi Utara,37,Ya
12882,Menikah,Laki-laki,50000,1,Sulawesi Utara,33,Ya
25908,Menikah,Perempuan,60000,0,Sulawesi Utara,27,Tidak
16753,Lajang,Perempuan,70000,0,Sulawesi Utara,34,Ya
14608,Menikah,Laki-laki,50000,4,Sulawesi Utara,42,Tidak
24979,Menikah,Perempuan,60000,2,Sulawesi Utara,57,Ya
13313,Menikah,Perempuan,120000,1,Sulawesi Utara,45,Tidak
18952,Menikah,Perempuan,100000,4,Sulawesi Utara,40,Tidak
17699,Menikah,Laki-laki,60000,1,Sulawesi Utara,,Tidak
14657,Menikah,Laki-laki,80000,1,Sulawesi Utara,47,Ya
11540,Lajang,Laki-laki,60000,4,Sulawesi Utara,47,Ya
11783,Menikah,Perempuan,60000,1,Sulawesi Utara,34,Tidak
14602,Menikah,Perempuan,80000,3,Sulawesi Utara,36,Ya
29030,Menikah,Laki-laki,70000,2,Sulawesi Utara,54,Tidak
26490,Lajang,Laki-laki,70000,2,Sulawesi Utara,59,Ya
13151,Lajang,Laki-laki,40000,0,Sulawesi Utara,27,Tidak
17260,Menikah,Laki-laki,90000,5,Sulawesi Utara,41,Tidak
15372,Menikah,Laki-laki,80000,3,Sulawesi Utara,50,Ya
18105,Menikah,Perempuan,60000,2,Sulawesi Utara,55,Tidak
19660,Menikah,Laki-laki,80000,4,Sulawesi Utara,43,Tidak
16112,Lajang,Laki-laki,70000,4,Sulawesi Utara,43,Ya
20698,Menikah,Laki-laki,60000,4,Sulawesi Utara,42,Tidak
20076,Lajang,Perempuan,10000,2,Sulawesi Utara,53,Ya
24496,Lajang,Perempuan,40000,0,Sulawesi Utara,28,Ya
15468,Menikah,Perempuan,50000,1,Sulawesi Utara,35,Tidak
28031,Lajang,Perempuan,70000,2,Sulawesi Utara,59,Ya
26270,Lajang,Perempuan,20000,2,Sulawesi Utara,49,Tidak
22221,Menikah,Laki-laki,60000,2,Sulawesi Utara,48,Ya
28228,Lajang,Perempuan,80000,2,Sulawesi Utara,50,Tidak
18363,Menikah,Laki-laki,40000,0,Sulawesi Utara,28,Ya
23256,Lajang,Laki-laki,30000,1,Sulawesi Utara,52,Tidak
12768,Menikah,Laki-laki,30000,1,Sulawesi Utara,52,Ya
20361,Menikah,Laki-laki,50000,2,Sulawesi Utara,69,Tidak
21306,Lajang,Laki-laki,60000,2,Sulawesi Utara,51,Tidak
13382,Menikah,Laki-laki,70000,5,Sulawesi Utara,57,Ya
20310,Lajang,Laki-laki,60000,0,Sulawesi Utara,27,Ya
22971,Lajang,Perempuan,30000,0,Sulawesi Utara,25,Ya
15287,Lajang,Perempuan,50000,1,Sulawesi Utara,33,Ya
15532,Lajang,Laki-laki,60000,4,Sulawesi Utara,43,Ya
11255,Menikah,Laki-laki,70000,4,Sulawesi Utara,73,Tidak
28090,Menikah,Laki-laki,40000,0,Sulawesi Utara,27,Tidak
15255,Menikah,Laki-laki,40000,0,Sulawesi Utara,28,Ya
13154,Menikah,Laki-laki,40000,0,Sulawesi Utara,27,Ya
26778,Lajang,Perempuan,40000,,Sulawesi Utara,31,Tidak
23248,Menikah,Perempuan,10000,2,Sulawesi Utara,53,Tidak
21417,Lajang,Perempuan,60000,0,Sulawesi Utara,32,Ya
17668,Lajang,Laki-laki,30000,2,Sulawesi Utara,50,Ya
27994,Menikah,Perempuan,40000,4,Sulawesi Utara,69,Tidak
20376,Lajang,Perempuan,70000,3,Sulawesi Utara,52,Ya
25954,Menikah,Laki-laki,60000,0,Sulawesi Utara,31,Tidak
15749,Lajang,Perempuan,70000,4,Sulawesi Utara,61,Tidak
25899,Menikah,Perempuan,70000,2,Sulawesi Utara,53,Tidak
13351,Lajang,Perempuan,70000,4,Sulawesi Utara,62,Ya
23333,Menikah,Laki-laki,40000,0,Sulawesi Utara,30,Tidak
21660,Menikah,Perempuan,60000,3,Sulawesi Utara,43,Ya
17012,Menikah,Perempuan,60000,3,Sulawesi Utara,42,Ya
24514,Menikah,Laki-laki,40000,0,Sulawesi Utara,30,Tidak
27505,Lajang,Perempuan,40000,0,Sulawesi Utara,30,Tidak
29243,Lajang,Laki-laki,110000,1,Sulawesi Utara,43,Tidak
26582,Menikah,Laki-laki,60000,0,Sulawesi Utara,33,Ya
14271,Menikah,Laki-laki,30000,0,Sulawesi Utara,32,Tidak
23041,Lajang,Perempuan,70000,4,Sulawesi Utara,50,Ya
29048,Lajang,Laki-laki,110000,2,Sulawesi Utara,37,Ya
24433,Menikah,Laki-laki,70000,3,Sulawesi Utara,52,Ya
15501,Menikah,Laki-laki,70000,4,Sulawesi Utara,36,Ya
13911,Lajang,Perempuan,80000,3,Sulawesi Utara,41,Ya
20421,Lajang,Perempuan,40000,0,Sulawesi Utara,26,Tidak
16009,Lajang,Laki-laki,170000,1,Sulawesi Utara,66,Tidak
18411,Menikah,Laki-laki,60000,2,Sulawesi Utara,51,Tidak
19163,Menikah,Perempuan,70000,4,Sulawesi Utara,43,Ya
18572,Menikah,Perempuan,60000,0,Sulawesi Utara,39,Tidak
27540,Lajang,Perempuan,70000,0,Sulawesi Utara,37,Ya
19889,Lajang,Perempuan,70000,2,Sulawesi Utara,54,Ya
12922,Lajang,Perempuan,60000,3,Sulawesi Utara,40,Ya
18891,Menikah,Perempuan,40000,0,Sulawesi Utara,28,Tidak
16773,Menikah,Laki-laki,60000,1,Sulawesi Utara,33,Tidak
19143,Lajang,Perempuan,80000,3,Sulawesi Utara,41,Ya
23882,Lajang,Perempuan,80000,3,Sulawesi Utara,37,Ya
11233,Menikah,Laki-laki,70000,4,Sulawesi Utara,53,Tidak
12056,Menikah,Laki-laki,120000,2,Sulawesi Utara,64,Tidak
15555,Menikah,Perempuan,60000,1,Sulawesi Utara,45,Ya
18423,Lajang,Laki-laki,80000,2,Sulawesi Utara,52,Tidak
22743,Menikah,Perempuan,40000,5,Sulawesi Utara,60,Tidak
25343,Lajang,Perempuan,20000,3,Sulawesi Utara,50,Tidak
13390,Menikah,Perempuan,70000,4,Sulawesi Utara,56,Tidak
17482,Lajang,Perempuan,40000,0,Sulawesi Utara,29,Tidak
13176,Lajang,Laki-laki,130000,0,Sulawesi Utara,38,Ya
20504,Menikah,Perempuan,40000,5,Sulawesi Utara,60,Tidak
12205,Lajang,Perempuan,130000,2,Sulawesi Utara,67,Tidak
16751,Menikah,Laki-laki,60000,0,Sulawesi Utara,32,Ya
21613,Lajang,Laki-laki,50000,2,Sulawesi Utara,39,Ya
24801,Lajang,Laki-laki,60000,1,Sulawesi Utara,35,Ya
17519,Menikah,Perempuan,60000,0,Sulawesi Utara,32,Tidak
18347,Lajang,Perempuan,30000,0,Sulawesi Utara,31,Tidak
29052,Lajang,Laki-laki,40000,0,Sulawesi Utara,27,Tidak
11745,Menikah,Perempuan,60000,1,Sulawesi Utara,47,Ya
19147,Menikah,Laki-laki,40000,0,Sulawesi Utara,42,Tidak
19217,Menikah,Laki-laki,30000,2,Sulawesi Utara,49,Tidak
15839,Lajang,Laki-laki,30000,0,Sulawesi Utara,32,Tidak
13714,Menikah,Perempuan,20000,2,Sulawesi Utara,53,Ya
22330,Menikah,Laki-laki,50000,0,Sulawesi Utara,32,Ya
18783,Lajang,Laki-laki,80000,0,Sulawesi Utara,38,Ya
25041,Lajang,Laki-laki,40000,0,Sulawesi Utara,31,Tidak
22046,Lajang,Perempuan,80000,0,Sulawesi Utara,38,Ya
28052,Menikah,Laki-laki,60000,2,Sulawesi Utara,55,Tidak
26693,Menikah,,70000,3,Sulawesi Utara,49,Tidak
24955,Lajang,Laki-laki,30000,5,Sulawesi Utara,60,Ya
26065,Lajang,Perempuan,110000,3,Sulawesi Utara,42,Tidak
13942,Menikah,Laki-laki,60000,1,Sulawesi Utara,46,Tidak
11219,Menikah,Laki-laki,60000,2,Sulawesi Utara,55,Tidak
22118,Lajang,Perempuan,70000,3,Sulawesi Utara,53,Ya
23197,Menikah,Laki-laki,50000,3,Sulawesi Utara,40,Tidak
14883,Menikah,Perempuan,30000,1,Sulawesi Utara,53,Ya
27279,Lajang,Perempuan,70000,2,Sulawesi Utara,38,Ya
18322,Lajang,Laki-laki,30000,0,Sulawesi Utara,26,Tidak
15879,Menikah,Laki-laki,70000,5,Sulawesi Utara,61,Tidak
28278,Menikah,Laki-laki,50000,2,Sulawesi Utara,71,Tidak
24416,Menikah,Laki-laki,90000,4,Sulawesi Utara,45,Tidak
28066,Menikah,Laki-laki,80000,2,Sulawesi Utara,37,Ya
11275,Menikah,Perempuan,80000,4,Sulawesi Utara,72,Ya
14872,Menikah,Laki-laki,30000,0,Sulawesi Utara,32,Tidak
16151,Menikah,Perempuan,60000,1,Sulawesi Utara,48,Ya
19731,Menikah,Laki-laki,80000,4,Sulawesi Utara,68,Tidak
23801,Menikah,Perempuan,20000,2,Sulawesi Utara,49,Tidak
11807,Menikah,Laki-laki,70000,3,Sulawesi Utara,34,Tidak
11622,Menikah,Laki-laki,50000,0,Sulawesi Utara,32,Tidak
26597,Lajang,Perempuan,60000,4,Sulawesi Utara,42,Tidak
27074,Menikah,Perempuan,70000,1,Sulawesi Utara,35,Ya
19228,Menikah,Perempuan,40000,2,Sulawesi Utara,48,Tidak
13415,Lajang,Laki-laki,100000,1,Sulawesi Utara,73,Ya
17000,Lajang,Perempuan,70000,4,Sulawesi Utara,43,Ya
14569,Menikah,Laki-laki,60000,1,Sulawesi Utara,35,Tidak
13873,Menikah,Laki-laki,70000,3,Sulawesi Utara,35,Ya
20401,Menikah,Perempuan,50000,4,Sulawesi Utara,64,Ya
21583,Menikah,Perempuan,50000,1,Sulawesi Utara,34,Ya
12029,Menikah,Laki-laki,30000,0,Sulawesi Utara,28,Tidak
18066,Lajang,Laki-laki,70000,5,Sulawesi Utara,60,Ya
28192,Menikah,Perempuan,70000,5,Sulawesi Utara,46,Tidak
16122,Menikah,Laki-laki,40000,4,Sulawesi Utara,44,Ya
18607,Lajang,Perempuan,60000,4,Sulawesi Utara,42,Ya
28858,Lajang,Laki-laki,80000,3,Sulawesi Utara,40,Tidak
14432,Lajang,Laki-laki,90000,4,Sulawesi Utara,73,Tidak
26305,Lajang,Perempuan,60000,2,Sulawesi Utara,36,Ya
22050,Lajang,Laki-laki,90000,4,Sulawesi Utara,38,Ya
25394,Menikah,Laki-laki,60000,1,Sulawesi Utara,34,Ya
19747,Menikah,Laki-laki,50000,4,Sulawesi Utara,63,Tidak
23195,Lajang,,50000,3,Sulawesi Utara,41,Ya
21695,Menikah,Laki-laki,60000,0,Sulawesi Utara,39,Ya
13934,Menikah,Laki-laki,40000,4,Sulawesi Utara,46,Tidak
13337,Menikah,Perempuan,80000,5,Sulawesi Utara,64,Tidak
27190,Menikah,Perempuan,40000,3,Sulawesi Utara,32,Tidak
28657,Lajang,Laki-laki,60000,2,Sulawesi Utara,36,Ya
21713,Lajang,Laki-laki,80000,5,Sulawesi Utara,47,Tidak
21752,Menikah,Laki-laki,60000,3,Sulawesi Utara,64,Tidak
27273,Lajang,Laki-laki,70000,3,Sulawesi Utara,35,Ya
22719,Lajang,Laki-laki,110000,3,Sulawesi Utara,40,Ya
22042,Menikah,Perempuan,70000,0,Sulawesi Utara,34,Ya
21451,Menikah,Perempuan,40000,4,Sulawesi Utara,61,Tidak
20754,Menikah,Laki-laki,30000,2,Sulawesi Utara,51,Tidak
12153,Lajang,Perempuan,70000,3,Sulawesi Utara,49,Ya
16895,Menikah,Perempuan,40000,3,Sulawesi Utara,54,Ya
26728,Lajang,Laki-laki,70000,3,Sulawesi Utara,53,Ya
11090,Lajang,Laki-laki,90000,2,Sulawesi Utara,48,Ya
15862,Lajang,Perempuan,50000,0,Sulawesi Utara,33,Ya
26495,Lajang,Perempuan,40000,2,Sulawesi Utara,57,Tidak
11823,Menikah,Perempuan,70000,0,Sulawesi Utara,39,Tidak
23449,Menikah,Laki-laki,60000,2,Sulawesi Utara,48,Tidak
23459,Menikah,Laki-laki,60000,2,Sulawesi Utara,50,Tidak
19543,Menikah,Laki-laki,70000,5,Sulawesi Utara,47,Tidak
14914,Menikah,Perempuan,40000,1,Sulawesi Utara,49,Ya
12033,Lajang,Perempuan,40000,0,Sulawesi Utara,27,Ya
11941,Lajang,Laki-laki,60000,0,Sulawesi Utara,29,Tidak
14389,Menikah,Laki-laki,60000,2,Sulawesi Utara,59,Tidak
18050,Menikah,Perempuan,60000,1,Sulawesi Utara,45,Ya
19856,Menikah,Perempuan,60000,4,Sulawesi Utara,60,Tidak
11663,Menikah,Laki-laki,70000,4,Sulawesi Utara,36,Ya
27740,Menikah,Perempuan,40000,0,Sulawesi Utara,27,Tidak
23455,Lajang,Laki-laki,80000,2,Sulawesi Utara,50,Tidak
15292,Lajang,Perempuan,60000,1,Sulawesi Utara,35,Tidak
21587,Menikah,Perempuan,60000,1,Sulawesi Utara,34,Ya
23513,Menikah,Perempuan,40000,3,Sulawesi Utara,54,Tidak
24322,Menikah,Perempuan,60000,4,Sulawesi Utara,42,Tidak
26298,Menikah,Perempuan,50000,1,Sulawesi Utara,34,Ya
25419,Lajang,Laki-laki,50000,2,Sulawesi Utara,38,Ya
13343,Menikah,Perempuan,90000,5,Sulawesi Utara,63,Ya
11303,Lajang,Perempuan,90000,4,Sulawesi Utara,45,Ya
21693,Lajang,Perempuan,60000,0,Sulawesi Utara,40,Tidak
28056,Menikah,Laki-laki,70000,2,Sulawesi Utara,53,Tidak
11788,Lajang,Perempuan,70000,1,Sulawesi Utara,34,Tidak
22296,Menikah,,70000,0,Sulawesi Utara,38,Tidak
15319,Menikah,Perempuan,70000,4,Sulawesi Utara,59,Tidak
17654,Lajang,Perempuan,40000,3,Sulawesi Utara,30,Ya
14662,Menikah,Laki-laki,60000,1,Sulawesi Utara,48,Ya
17541,Menikah,Perempuan,40000,4,Sulawesi Utara,43,Tidak
13886,Menikah,Perempuan,70000,4,Sulawesi Utara,35,Ya
13073,Menikah,Perempuan,60000,0,Sulawesi Utara,30,Tidak
21940,Menikah,Laki-laki,90000,5,Sulawesi Utara,47,Ya
20196,Menikah,Laki-laki,60000,1,Sulawesi Utara,45,Ya
23491,Lajang,Laki-laki,100000,,Sulawesi Utara,45,Tidak
16651,Menikah,Perempuan,120000,2,Sulawesi Utara,62,Tidak
16813,Menikah,Laki-laki,60000,2,Sulawesi Utara,55,Tidak
16007,Menikah,Perempuan,90000,5,Sulawesi Utara,66,Ya
27434,Lajang,Laki-laki,70000,4,Sulawesi Utara,56,Tidak
27756,Lajang,Perempuan,50000,3,Sulawesi Utara,40,Tidak
23818,Menikah,Perempuan,50000,0,Sulawesi Utara,33,Ya
19012,Menikah,Laki-laki,80000,3,Sulawesi Utara,56,Tidak
18329,Lajang,Laki-laki,30000,0,Sulawesi Utara,27,Tidak
29037,Menikah,Laki-laki,60000,0,Sulawesi Utara,39,Tidak
26576,Menikah,Perempuan,60000,0,Sulawesi Utara,31,Tidak
12192,Lajang,Perempuan,60000,2,Sulawesi Utara,51,Tidak
14887,Menikah,Perempuan,30000,1,Sulawesi Utara,52,Tidak
11734,Menikah,,60000,1,Sulawesi Utara,47,Tidak
17462,Menikah,Laki-laki,70000,3,Sulawesi Utara,53,Ya
20659,Menikah,Laki-laki,70000,3,Sulawesi Utara,35,Ya
28004,Menikah,Perempuan,60000,3,Sulawesi Utara,66,Tidak
19741,Lajang,Perempuan,80000,4,Sulawesi Utara,65,Tidak
17450,Menikah,Laki-laki,80000,5,Sulawesi Utara,45,Tidak
17337,Lajang,Laki-laki,40000,0,Sulawesi Utara,31,Tidak
18594,Lajang,Perempuan,80000,3,Sulawesi Utara,40,Ya
15982,Menikah,Laki-laki,110000,5,Sulawesi Utara,46,Tidak
28625,Lajang,Laki-laki,40000,2,Sulawesi Utara,47,Ya
11269,Menikah,Laki-laki,130000,2,Sulawesi Utara,41,Tidak
25148,Menikah,Laki-laki,60000,2,Sulawesi Utara,48,Ya
13920,Lajang,Perempuan,50000,4,Sulawesi Utara,42,Tidak
23704,Lajang,Laki-laki,40000,5,Sulawesi Utara,,Ya
28972,Lajang,Perempuan,60000,3,Sulawesi Utara,66,Tidak
22730,Menikah,Laki-laki,70000,5,Sulawesi Utara,63,Tidak
29134,Menikah,Laki-laki,60000,4,Sulawesi Utara,42,Tidak
14332,Lajang,Perempuan,30000,0,Sulawesi Utara,26,Tidak
19117,Lajang,Perempuan,60000,1,Sulawesi Utara,36,Ya
22864,Menikah,Laki-laki,90000,2,Sulawesi Utara,49,Ya
11292,Lajang,Laki-laki,150000,1,Sulawesi Utara,44,Ya
13466,Menikah,Laki-laki,80000,5,Sulawesi Utara,46,Tidak
23731,Menikah,Laki-laki,60000,2,Sulawesi Utara,54,Ya
28672,Lajang,Laki-laki,70000,4,Sulawesi Utara,35,Ya
11809,Menikah,,60000,2,Sulawesi Utara,38,Ya
19664,Lajang,Laki-laki,100000,3,Sulawesi Utara,38,Tidak
12121,Lajang,Laki-laki,60000,3,Sulawesi Utara,53,Ya
